name,cost,stock,category
LIMON SODA PET 2500CC 6UN,2917,1,BEBESTIBLES
PEPSI PET 1250CC 12UN,2917,1,BEBESTIBLES
PEPSI PET 250CC 12UN,2936,1,BEBESTIBLES
BILZ PET 1500CC 6UN,2917,1,BEBESTIBLES
KEM PIÑA PET 3000CC 6UN,7319,1,BEBESTIBLES
KEM PIÑA PET 2500CC 12UN,6536,1,BEBESTIBLES
KEM PIÑA PET 600CC 12UN,6536,1,BEBESTIBLES
PEPSI PET 3000CC 6UN,7319,1,BEBESTIBLES
PEPSI GRB 237CC 30UN,3618,1,BEBESTIBLES
FRUGO FRUTILLA PET 2000CC 6UN,3871,1,BEBESTIBLES
CACHANTUN CON GAS PET 1600CC 6UN,3993,1,BEBESTIBLES
CACHANTUN CON GAS PET 500CC 6UN,3561,1,BEBESTIBLES
CACHANTUN SIN GAS PET 1600CC 6UN,3993,1,BEBESTIBLES
CACHANTUN SIN GAS PET 500CC 6UN,3561,1,BEBESTIBLES
CACHANTUN VIDA SIN GAS BIDON 6L 4UN,3164,1,BEBESTIBLES
MANANTIAL PLAIN PET 500CC 12UN,5840,1,BEBESTIBLES
MAS LIMONADA CON GAS FRAMBUESA PET 1600CC 6UN,4317,1,BEBESTIBLES
MAS FRUTOS DEL BOSQUE SIN GAS PET 1600CC 6UN,4317,1,BEBESTIBLES
ANDINA DEL VALLE FRUTILLA PET 1500CC 6UN,6979,1,BEBESTIBLES
SPRITE PET 2000CC 6UN,3955,1,BEBESTIBLES
SPRITE PET 1500CC 6UN,4955,1,BEBESTIBLES
SPRITE PET 500CC 12UN,4112,1,BEBESTIBLES
COCA COLA VIDRIO 237CC 24UN,4163,1,BEBESTIBLES
COCA COLA VIDRIO 1000CC 5UN,2198,1,BEBESTIBLES
COCA COLA RETORNABLE 2000CC 4UN,3413,1,BEBESTIBLES
COCA COLA RETORNABLE 3000CC 6UN,6804,1,BEBESTIBLES
COCA COLA SIN AZUCAR RETORNABLE 2000CC 4UN,3413,1,BEBESTIBLES
COCA COLA SIN AZUCAR RETORNABLE 3000CC 6UN,6804,1,BEBESTIBLES
COCA COLA SIN AZUCAR PET 3000CC 6UN,10206,1,BEBESTIBLES
COCA COLA PET 1500CC 6UN,6557,1,BEBESTIBLES
COCA COLA PET 3000CC 6UN,10206,1,BEBESTIBLES
COCA COLA PET 250CC 6UN,1518,1,BEBESTIBLES
COCA COLA LIGHT LATA 350CC 6UN,3171,1,BEBESTIBLES
COCA COLA SIN AZUCAR LATA 350CC 6UN,3171,1,BEBESTIBLES
MONSTER ENERGY 473CC 6UN,3640,1,BEBESTIBLES
VITAL CON GAS PET 1600CC 6UN,4047,1,BEBESTIBLES
VITAL SIN GAS PET 1600CC 6UN,4028,1,BEBESTIBLES
VITAL SIN GAS PET 600CC 12UN,4028,1,BEBESTIBLES
VITAL SIN GAS PET 3000CC 6UN,10206,1,BEBESTIBLES
VITAL SIN GAS PET 500CC 12UN,4112,1,BEBESTIBLES
VITAL CON GAS PET 500CC 12UN,4112,1,BEBESTIBLES
BENEDICTINO CON GAS PET 3000CC 6UN,4395,1,BEBESTIBLES
BENEDICTINO SIN GAS PET 3000CC 6UN,4294,1,BEBESTIBLES
BENEDICTINO MANZANA PET 2000CC 6UN,6342,1,BEBESTIBLES
BENEDICTINO PERA PET 2000CC 6UN,4294,1,BEBESTIBLES
BENEDICTINO LIMON JENGIBRE PET 2000CC 6UN,4395,1,BEBESTIBLES
POWERADE FROZEN BLAST PET 850CC 6UN,3522,1,BEBESTIBLES
POWERADE FROZEN BLAST PET 1100CC 6UN,5495,1,BEBESTIBLES
POWERADE ROJOS PET 2000CC 6UN,6542,1,BEBESTIBLES
POWERADE ROJOS PET 2500CC 6UN,6542,1,BEBESTIBLES
KAPO NARANJA PET 250CC 24UN,4112,1,BEBESTIBLES
KAPO PIÑA PET 250CC 24UN,4112,1,BEBESTIBLES